,city,latitude,longitude,Max Temp,humidity,Feels Like,cloudiness,wind speed,country name,date
0,Rikitea,-23.1203,-134.9692,70.52,69,70.52,1,12.3,French Polynesia,2022-08-23 06:49:01-07:00
1,Busselton,-33.65,115.3333,60.67,50,58.78,1,6.73,Australia,2022-08-23 06:49:01-07:00
2,Hithadhoo,-0.6,73.0833,81.73,77,87.46,87,15.08,Maldives,2022-08-23 06:49:02-07:00
3,Thompson,55.7435,-97.8558,51.96,82,50.72,0,2.3,Canada,2022-08-23 06:46:41-07:00
4,Tasiilaq,65.6145,-37.6368,41.16,78,37.42,16,5.59,Greenland,2022-08-23 06:49:02-07:00
5,Mataura,-46.1927,168.8643,44.13,79,42.22,100,3.85,New Zealand,2022-08-23 06:49:03-07:00
6,Yellowknife,62.456,-114.3525,52.32,54,49.78,40,8.05,Canada,2022-08-23 06:49:04-07:00
7,Cabra,37.4725,-4.4421,71.65,52,70.97,0,2.53,Spain,2022-08-23 06:49:04-07:00
8,Tiksi,71.6872,128.8694,41.05,80,39.56,99,3.0,Russia,2022-08-23 06:49:05-07:00
9,Kapaa,22.0752,-159.319,80.58,83,75.51,40,12.66,United States,2022-08-23 06:49:05-07:00
10,Saint Paul Harbor,57.79,-152.4072,54.91,94,54.52,100,9.22,United States,2022-08-23 06:49:06-07:00
11,Mount Isa,-20.7333,139.5,71.37,23,69.28,0,21.85,Australia,2022-08-23 06:49:06-07:00
12,Port-Gentil,-0.7193,8.7815,73.36,94,74.82,100,5.75,Gabon,2022-08-23 06:49:07-07:00
13,Emmett,43.8735,-116.4993,80.49,47,73.08,0,5.46,United States,2022-08-23 06:49:07-07:00
14,Grindavik,63.8424,-22.4338,46.35,93,40.73,0,8.05,Iceland,2022-08-23 06:49:08-07:00
15,Porgera,-5.4667,143.2,50.13,94,49.26,96,2.08,Papua New Guinea,2022-08-23 06:49:08-07:00
16,Tuatapere,-46.1333,167.6833,46.69,86,42.08,15,9.6,New Zealand,2022-08-23 06:49:09-07:00
17,Tual,-5.6667,132.75,79.54,82,79.54,98,18.81,Indonesia,2022-08-23 06:49:09-07:00
18,Garoowe,8.4054,48.4845,85.32,42,85.06,48,29.42,Somalia,2022-08-23 06:49:10-07:00
19,Bengkulu,-3.8004,102.2655,82.24,77,88.59,96,4.65,Indonesia,2022-08-23 06:49:10-07:00
20,Ust-Maya,60.4167,134.5333,63.55,37,61.34,62,9.22,Russia,2022-08-23 06:49:11-07:00
21,Awjilah,29.1081,21.2869,84.87,47,85.59,0,5.84,Libya,2022-08-23 06:49:11-07:00
22,Tuensang,26.2833,94.8333,90.73,50,96.01,95,1.57,India,2022-08-23 06:49:12-07:00
23,Bluff,-46.6,168.3333,51.66,70,49.82,78,15.66,New Zealand,2022-08-23 06:49:12-07:00
24,Moranbah,-22.0016,148.0466,76.93,33,75.87,0,8.46,Australia,2022-08-23 06:49:13-07:00
25,Butaritari,3.0707,172.7902,82.56,74,88.54,87,16.89,Kiribati,2022-08-23 06:49:13-07:00
26,Atar,20.5169,-13.0499,88.84,41,89.33,5,4.88,Mauritania,2022-08-23 06:47:05-07:00
27,Karpathos,35.507,27.2132,80.56,69,83.73,20,8.05,Greece,2022-08-23 06:49:14-07:00
28,Saskylakh,71.9167,114.0833,51.96,54,49.39,100,9.04,Russia,2022-08-23 06:49:15-07:00
29,Hilo,19.7297,-155.09,79.29,97,75.2,100,5.99,United States,2022-08-23 06:49:15-07:00
30,Severo-Kuril'sk,50.6789,156.125,55.51,97,55.31,100,13.4,Russia,2022-08-23 06:49:16-07:00
31,Vostok,46.4856,135.8833,51.15,98,50.58,100,11.14,Russia,2022-08-23 06:49:16-07:00
32,Ogbomosho,8.133,4.25,70.61,96,71.89,100,8.75,Nigeria,2022-08-23 06:49:16-07:00
33,Tuktoyaktuk,69.4541,-133.0374,42.93,74,34.2,100,20.54,Canada,2022-08-23 06:49:17-07:00
34,Punta Arenas,-53.15,-70.9167,35.71,75,25.29,0,18.41,Chile,2022-08-23 06:49:17-07:00
35,Harlingen,26.1906,-97.6961,81.93,95,87.49,99,13.6,United States,2022-08-23 06:46:57-07:00
36,Arraial do Cabo,-22.9661,-42.0278,67.32,75,67.28,18,12.59,Brazil,2022-08-23 06:49:18-07:00
37,Port Elizabeth,-33.918,25.5701,55.31,93,54.91,0,11.99,South Africa,2022-08-23 06:49:18-07:00
38,Colac,-38.3333,143.5833,49.17,67,42.08,21,10.2,Australia,2022-08-23 06:49:19-07:00
39,Damietta,31.4165,31.8133,82.29,59,84.65,0,2.89,Egypt,2022-08-23 06:49:19-07:00
40,Bathsheba,13.2167,-59.5167,81.21,89,88.88,40,12.66,Barbados,2022-08-23 06:49:20-07:00
41,Bethel,41.3712,-73.414,71.96,87,71.1,96,2.06,United States,2022-08-23 06:49:20-07:00
42,Abay,49.6311,72.8539,61.18,42,58.96,33,13.71,Kazakhstan,2022-08-23 06:49:21-07:00
43,Jamestown,42.097,-79.2353,65.71,74,63.93,100,3.44,United States,2022-08-23 06:49:21-07:00
44,Lata,40.1629,-8.3327,71.92,56,71.46,2,2.66,Portugal,2022-08-23 06:49:22-07:00
45,Saint-Philippe,-21.3585,55.7679,80.19,70,78.89,4,11.63,Reunion,2022-08-23 06:49:22-07:00
46,Qaanaaq,77.484,-69.3632,29.21,57,22.46,8,6.55,Greenland,2022-08-23 06:49:23-07:00
47,Homer,59.6425,-151.5483,57.09,79,56.17,100,5.75,United States,2022-08-23 06:49:24-07:00
48,George Town,5.4112,100.3354,86.9,75,94.8,40,13.0,Malaysia,2022-08-23 06:44:54-07:00
49,Qaqortoq,60.7167,-46.0333,41.77,83,40.23,100,3.13,Greenland,2022-08-23 06:49:24-07:00
50,Laela,-8.5667,32.05,66.54,54,65.43,27,5.95,Tanzania,2022-08-23 06:49:25-07:00
51,Port Alfred,-33.5906,26.891,64.18,81,64.11,100,5.01,South Africa,2022-08-23 06:49:25-07:00
52,Ayagoz,47.9714,80.4392,73.08,22,71.11,0,13.27,Kazakhstan,2022-08-23 06:49:26-07:00
53,Lebu,-37.6167,-73.65,49.96,91,49.96,99,0.98,Chile,2022-08-23 06:47:46-07:00
54,São Filipe,14.8961,-24.4956,78.04,85,79.54,68,8.01,Cabo Verde,2022-08-23 06:49:26-07:00
55,Along,28.1667,94.7667,94.24,53,105.51,99,2.62,India,2022-08-23 06:49:27-07:00
56,Barrow,71.2906,-156.7887,33.82,100,21.22,100,25.32,United States,2022-08-23 06:49:27-07:00
57,Cabo San Lucas,22.8909,-109.9124,83.61,75,88.68,100,5.01,Mexico,2022-08-23 06:49:24-07:00
58,San Patricio,28.017,-97.5169,85.84,78,86.86,100,12.91,United States,2022-08-23 06:49:28-07:00
59,Ushuaia,-54.8,-68.3,33.46,80,30.4,0,3.44,Argentina,2022-08-23 06:48:10-07:00
60,Wagar,16.1525,36.2032,86.58,54,90.05,95,8.86,Sudan,2022-08-23 06:49:29-07:00
61,Felipe Carrillo Puerto,19.5833,-88.05,74.95,99,76.8,20,0.96,Mexico,2022-08-23 06:49:29-07:00
62,Mincivan,39.0294,46.7185,81.66,36,80.76,0,6.67,Azerbaijan,2022-08-23 06:49:29-07:00
63,Westport,41.1415,-73.3579,74.01,90,72.93,75,3.0,United States,2022-08-23 06:45:32-07:00
64,Chokurdakh,70.6333,147.9167,53.56,72,52.0,100,14.54,Russia,2022-08-23 06:49:30-07:00
65,Elko,41.0002,-115.5012,72.64,13,70.2,0,5.01,United States,2022-08-23 06:49:31-07:00
66,Hofn,64.2539,-15.2082,50.14,83,48.76,100,12.1,Iceland,2022-08-23 06:49:31-07:00
67,San Jerónimo,-11.9472,-75.2829,46.42,73,46.42,50,1.52,Peru,2022-08-23 06:49:32-07:00
68,Cherskiy,68.75,161.3,64.54,52,63.14,44,12.41,Russia,2022-08-23 06:49:32-07:00
69,Avarua,-21.2078,-159.775,73.45,83,74.41,75,10.36,Cook Islands,2022-08-23 06:49:32-07:00
70,Namie,37.4833,141.0,88.99,75,101.59,100,13.56,Japan,2022-08-23 06:49:33-07:00
71,Castro,-24.7911,-50.0119,45.97,98,44.73,25,3.4,Brazil,2022-08-23 06:49:33-07:00
72,Lüderitz,-26.6481,15.1594,67.24,34,65.26,0,4.12,Namibia,2022-08-23 06:49:34-07:00
73,Cape Town,-33.9258,18.4232,65.12,68,56.52,0,4.61,South Africa,2022-08-23 06:46:31-07:00
74,Roald,62.5833,6.1333,59.76,82,55.29,0,10.36,Norway,2022-08-23 06:49:34-07:00
75,Abu Kamal,34.4506,40.9171,91.74,32,90.59,0,15.23,Syria,2022-08-23 06:49:35-07:00
76,Terrace Bay,48.7834,-87.1,55.51,92,55.08,100,6.87,Canada,2022-08-23 06:49:35-07:00
77,Hobart,-42.8794,147.3294,47.05,63,41.47,20,10.36,Australia,2022-08-23 06:47:05-07:00
78,Białogard,54.007,15.9875,71.94,73,71.74,100,11.1,Poland,2022-08-23 06:49:36-07:00
79,Sola,-13.8833,167.55,79.77,76,79.77,5,21.32,Vanuatu,2022-08-23 06:49:37-07:00
80,Wanlaweyn,2.6185,44.8938,83.17,47,83.57,82,19.51,Somalia,2022-08-23 06:49:37-07:00
81,Albany,42.6001,-73.9662,69.26,89,67.64,100,2.1,United States,2022-08-23 06:49:38-07:00
82,Vanavara,60.34,102.2797,45.61,94,41.18,100,8.55,Russia,2022-08-23 06:49:38-07:00
83,Nabire,-3.3667,135.4833,83.32,73,89.92,86,2.55,Indonesia,2022-08-23 06:49:39-07:00
84,Sambava,-14.2667,50.1667,72.48,84,73.38,53,15.77,Madagascar,2022-08-23 06:49:39-07:00
85,Vaini,-21.2,-175.2,71.76,88,72.77,40,6.91,Tonga,2022-08-23 06:49:40-07:00
86,Puerto Ayora,-0.7393,-90.3518,67.55,97,68.56,73,5.99,Ecuador,2022-08-23 06:49:40-07:00
87,Hasaki,35.7333,140.8333,93.29,86,97.2,98,14.14,Japan,2022-08-23 06:49:41-07:00
88,La Asuncion,11.0333,-63.8628,78.53,100,80.78,100,3.44,Venezuela,2022-08-23 06:49:41-07:00
89,Wanning,18.8003,110.3967,87.96,71,100.56,100,6.04,China,2022-08-23 06:49:42-07:00
90,Nikolskoye,59.7035,30.7861,73.87,53,71.8,98,4.47,Russia,2022-08-23 06:49:42-07:00
91,Khatanga,71.9667,102.5,44.38,85,38.19,100,12.48,Russia,2022-08-23 06:49:43-07:00
92,General Higinio Morínigo,-25.95,-55.9167,56.25,96,56.08,0,3.74,Paraguay,2022-08-23 06:49:43-07:00
93,Mar del Plata,-38.0023,-57.5575,47.08,95,41.83,100,8.05,Argentina,2022-08-23 06:49:44-07:00
94,Provideniya,64.3833,-173.3,50.59,63,48.31,0,4.27,Russia,2022-08-23 06:49:44-07:00
95,Kajiado,-1.8524,36.7768,65.46,53,64.2,10,11.36,Kenya,2022-08-23 06:49:45-07:00
96,Whitehorse,60.7161,-135.0538,65.17,54,63.21,75,15.01,Canada,2022-08-23 06:49:45-07:00
97,San-Pédro,4.7485,-6.6363,74.03,92,75.45,100,4.74,Cote d'Ivoire,2022-08-23 06:49:45-07:00
98,Half Moon Bay,37.4636,-122.4286,66.99,89,62.17,100,14.97,United States,2022-08-23 06:49:46-07:00
99,Quepos,9.4236,-84.1652,76.98,85,78.37,99,2.53,Costa Rica,2022-08-23 06:49:47-07:00
100,San Juan,-31.5375,-68.5364,53.78,25,50.04,0,4.88,Argentina,2022-08-23 06:49:47-07:00
101,Aksarka,66.5606,67.7975,75.63,37,74.64,96,13.02,Russia,2022-08-23 06:49:47-07:00
102,Bom Jardim,-7.7958,-35.5872,68.22,92,69.06,98,8.68,Brazil,2022-08-23 06:49:48-07:00
103,Wakkanai,45.4094,141.6739,71.58,64,71.46,40,21.85,Japan,2022-08-23 06:49:48-07:00
104,Dikson,73.5069,80.5464,42.85,96,38.75,100,6.69,Russia,2022-08-23 06:49:49-07:00
105,Upernavik,72.7868,-56.1549,40.15,74,33.12,100,11.79,Greenland,2022-08-23 06:49:49-07:00
106,Buluang,13.3068,123.3425,83.21,81,92.19,99,10.65,Philippines,2022-08-23 06:49:50-07:00
107,New Norfolk,-42.7826,147.0587,46.71,74,40.71,12,4.0,Australia,2022-08-23 06:49:50-07:00
108,Alofi,-19.0595,-169.9187,71.49,94,72.75,1,2.3,Niue,2022-08-23 06:49:51-07:00
109,Vilyuysk,63.7553,121.6247,45.14,90,42.01,100,5.77,Russia,2022-08-23 06:49:51-07:00
110,Piranhas,-16.4269,-51.8222,67.15,51,65.97,0,4.76,Brazil,2022-08-23 06:49:52-07:00
111,Yagodnoye,62.55,149.6667,59.83,56,58.14,100,8.3,Russia,2022-08-23 06:49:52-07:00
112,Baykit,61.67,96.37,59.94,41,57.56,100,8.52,Russia,2022-08-23 06:49:53-07:00
113,Kruisfontein,-34.0033,24.7314,56.95,67,55.49,100,6.24,South Africa,2022-08-23 06:49:53-07:00
114,Camaná,-16.6228,-72.7111,59.47,79,58.82,46,8.28,Peru,2022-08-23 06:49:54-07:00
115,Pangody,65.85,74.4859,72.93,45,72.03,8,10.25,Russia,2022-08-23 06:49:54-07:00
116,Lebedinyy,58.5167,125.5167,48.74,88,46.24,100,5.88,Russia,2022-08-23 06:49:55-07:00
117,Bugul'ma,54.55,52.8,80.26,36,79.79,0,7.31,Russia,2022-08-23 06:48:02-07:00
118,Bredasdorp,-34.5322,20.0403,55.22,69,53.69,11,5.37,South Africa,2022-08-23 06:49:55-07:00
119,Ranipur,27.2879,68.5051,93.94,53,104.76,100,10.74,Pakistan,2022-08-23 06:49:56-07:00
120,Saldanha,-33.0117,17.9442,53.65,48,50.97,4,7.07,South Africa,2022-08-23 06:49:56-07:00
121,Brae,60.3964,-1.353,58.82,93,58.77,99,20.13,United Kingdom,2022-08-23 06:49:57-07:00
122,Río Gallegos,-51.6226,-69.2181,32.05,74,25.63,0,6.91,Argentina,2022-08-23 06:49:57-07:00
123,São Gabriel da Cachoeira,-0.1303,-67.0892,68.25,95,69.24,24,0.96,Brazil,2022-08-23 06:49:58-07:00
124,Port Shepstone,-30.7414,30.455,64.51,61,63.52,0,7.49,South Africa,2022-08-23 06:49:59-07:00
125,Kailua,21.4022,-157.7394,80.58,86,78.46,100,11.5,United States,2022-08-23 06:45:50-07:00
126,Mahenge,-8.6833,36.7167,68.86,58,68.18,70,5.97,Tanzania,2022-08-23 06:49:59-07:00
127,Mahébourg,-20.4081,57.7,77.29,65,77.77,40,18.41,Mauritius,2022-08-23 06:49:59-07:00
128,Fort Nelson,58.8053,-122.7002,63.99,82,63.93,20,3.44,Canada,2022-08-23 06:45:31-07:00
129,Yuncheng,35.0231,110.9928,83.03,42,82.63,94,18.63,China,2022-08-23 06:50:00-07:00
130,Rabo de Peixe,37.8,-25.5833,72.28,71,72.55,75,3.44,Portugal,2022-08-23 06:50:00-07:00
131,Houma,29.5958,-90.7195,78.01,96,78.91,0,0.0,United States,2022-08-23 06:50:01-07:00
132,Ponta do Sol,32.6667,-17.1,74.01,74,70.29,7,4.12,Portugal,2022-08-23 06:50:02-07:00
133,Riyadh,24.6877,46.7219,98.74,14,94.26,73,6.2,Saudi Arabia,2022-08-23 06:45:52-07:00
134,Dingle,10.9995,122.6711,83.8,76,92.03,98,13.82,Philippines,2022-08-23 06:50:02-07:00
135,Caconda,-13.7333,15.0667,64.54,15,61.41,5,5.3,Angola,2022-08-23 06:50:03-07:00
136,Puerto Ayacucho,5.6639,-67.6236,70.86,93,72.01,99,3.69,Venezuela,2022-08-23 06:50:03-07:00
137,Touros,-5.1989,-35.4608,73.38,92,74.75,100,12.03,Brazil,2022-08-23 06:50:04-07:00
138,Saint-François,46.4154,3.9054,69.67,88,68.02,0,2.3,France,2022-08-23 06:50:05-07:00
139,Pevek,69.7008,170.3133,46.85,80,40.62,100,14.97,Russia,2022-08-23 06:50:05-07:00
140,Charyshskoye,51.3978,83.5598,65.19,52,63.86,58,5.57,Russia,2022-08-23 06:50:06-07:00
141,Vila Franca do Campo,37.7167,-25.4333,73.2,72,73.6,86,3.56,Portugal,2022-08-23 06:50:06-07:00
142,Qingdao,36.0986,120.3719,83.8,32,82.06,0,13.42,China,2022-08-23 06:50:07-07:00
143,Port Moresby,-9.4431,147.1797,80.02,83,84.69,40,19.57,Papua New Guinea,2022-08-23 06:50:07-07:00
144,Atuona,-9.8,-139.0333,76.19,72,76.89,65,13.47,French Polynesia,2022-08-23 06:50:07-07:00
145,Honningsvåg,70.9821,25.9704,53.35,71,51.73,75,18.41,Norway,2022-08-23 06:50:08-07:00
146,Flinders,-34.5833,150.8552,48.18,86,41.47,100,11.99,Australia,2022-08-23 06:50:08-07:00
147,Ancud,-41.8697,-73.8203,47.28,91,43.43,100,8.08,Chile,2022-08-23 06:50:09-07:00
148,Chui,-33.6971,-53.4616,49.42,95,48.16,64,4.05,Uruguay,2022-08-23 06:50:09-07:00
149,Omboué,-1.5746,9.2618,74.64,81,75.61,100,9.98,Gabon,2022-08-23 06:50:09-07:00
150,Dunedin,-45.8742,170.5036,51.8,85,50.67,100,11.01,New Zealand,2022-08-23 06:45:25-07:00
151,Khovd,48.0056,91.6419,65.7,21,62.96,1,10.89,Mongolia,2022-08-23 06:50:10-07:00
152,Faanui,-16.4833,-151.75,77.88,75,78.89,93,19.51,French Polynesia,2022-08-23 06:50:11-07:00
153,Sitka,57.0531,-135.33,60.69,82,60.31,100,4.61,United States,2022-08-23 06:50:11-07:00
154,Cavalcante,-13.7975,-47.4583,60.84,56,59.25,34,5.08,Brazil,2022-08-23 06:50:11-07:00
155,Ribeira Grande,38.5167,-28.7,73.8,78,74.53,40,6.91,Portugal,2022-08-23 06:50:12-07:00
156,Road Town,18.4167,-64.6167,80.69,73,84.56,13,9.8,British Virgin Islands,2022-08-23 06:50:12-07:00
157,Tongliao,43.6125,122.2653,73.89,42,72.95,0,12.73,China,2022-08-23 06:50:13-07:00
158,Kavieng,-2.5744,150.7967,83.64,63,87.71,5,10.29,Papua New Guinea,2022-08-23 06:50:13-07:00
159,Beringovskiy,63.05,179.3167,51.96,89,51.04,100,6.02,Russia,2022-08-23 06:50:14-07:00
160,Ayan,56.45,138.1667,58.44,71,57.33,100,11.14,Russia,2022-08-23 06:50:14-07:00
161,Moussoro,13.6408,16.4901,80.83,72,84.67,100,14.56,Chad,2022-08-23 06:50:15-07:00
162,Torbay,47.6666,-52.7314,59.58,94,58.44,40,19.57,Canada,2022-08-23 06:45:32-07:00
163,Hong Kong,22.2855,114.1577,97.97,71,106.43,8,8.99,Hong Kong,2022-08-23 06:46:10-07:00
164,Eirunepé,-6.6603,-69.8736,66.51,78,66.52,3,2.77,Brazil,2022-08-23 06:50:16-07:00
165,Archidona,37.0965,-4.3887,68.41,57,67.05,0,5.03,Spain,2022-08-23 06:50:16-07:00
166,Katsuura,35.1333,140.3,82.42,88,92.17,99,12.91,Japan,2022-08-23 06:50:17-07:00
167,Taltal,-25.4,-70.4833,56.35,72,55.08,0,4.9,Chile,2022-08-23 06:50:17-07:00
168,Carnarvon,-24.8667,113.6333,81.55,30,80.19,0,11.56,Australia,2022-08-23 06:50:18-07:00
169,Kirksville,40.1948,-92.5833,64.06,97,60.21,20,0.0,United States,2022-08-23 06:50:18-07:00
170,Diffa,13.3154,12.6113,77.88,78,79.03,100,9.75,Niger,2022-08-23 06:50:19-07:00
171,Esperance,-33.8667,121.9,55.85,61,54.0,68,8.95,Australia,2022-08-23 06:50:19-07:00
172,Luoyang,34.6836,112.4536,86.31,41,86.02,20,17.87,China,2022-08-23 06:50:20-07:00
173,‘Āhuimanu,21.4447,-157.8378,80.31,82,77.97,100,11.5,United States,2022-08-23 06:50:20-07:00
174,Kuching,1.55,110.3333,87.22,74,97.45,40,5.75,Malaysia,2022-08-23 06:45:37-07:00
175,Muswellbrook,-32.2667,150.9,57.33,81,56.57,47,13.51,Australia,2022-08-23 06:50:21-07:00
176,Rocha,-34.4833,-54.3333,46.71,96,44.6,97,4.63,Uruguay,2022-08-23 06:50:21-07:00
177,Kropotkin,45.4375,40.5756,83.61,24,81.21,0,25.08,Russia,2022-08-23 06:50:22-07:00
178,Novokayakent,42.3937,47.9861,81.18,42,81.0,4,18.28,Russia,2022-08-23 06:50:22-07:00
179,Souillac,-20.5167,57.5167,77.38,65,77.86,40,18.41,Mauritius,2022-08-23 06:50:23-07:00
180,Kaitangata,-46.2817,169.8464,45.82,81,43.43,100,4.83,New Zealand,2022-08-23 06:50:24-07:00
181,Coahuayana Viejo,18.7333,-103.6833,77.18,94,79.02,21,2.82,Mexico,2022-08-23 06:50:24-07:00
182,Kawalu,-7.3817,108.2082,79.18,74,79.18,96,6.76,Indonesia,2022-08-23 06:50:25-07:00
183,Pacific Grove,36.6177,-121.9166,65.25,91,59.4,100,9.22,United States,2022-08-23 06:50:25-07:00
184,Nānākuli,21.3906,-158.1547,80.55,67,78.75,20,3.44,United States,2022-08-23 06:50:26-07:00
185,Shabo,46.1326,30.386,81.5,58,83.41,76,9.98,Ukraine,2022-08-23 06:50:26-07:00
186,Chaiya,9.3862,99.1986,93.18,60,105.78,100,7.05,Thailand,2022-08-23 06:50:27-07:00
187,Andenes,69.3143,16.1194,52.93,82,50.52,75,25.32,Norway,2022-08-23 06:50:27-07:00
188,Jurm,36.8648,70.8342,72.43,53,71.87,94,4.12,Afghanistan,2022-08-23 06:50:27-07:00
189,Tabuk,17.4189,121.4443,74.37,94,75.92,100,12.93,Philippines,2022-08-23 06:50:28-07:00
190,Qeshm,26.9581,56.2719,98.47,50,111.07,4,6.78,Iran,2022-08-23 06:50:28-07:00
191,Angoche,-16.2325,39.9086,75.6,65,75.9,85,12.8,Mozambique,2022-08-23 06:50:29-07:00
192,Makakilo City,21.3469,-158.0858,79.12,68,78.33,20,10.36,United States,2022-08-23 06:50:29-07:00
193,Lorengau,-2.0226,147.2712,83.98,65,88.9,22,9.24,Papua New Guinea,2022-08-23 06:50:30-07:00
194,Golden,39.7555,-105.2211,68.36,63,62.85,0,1.01,United States,2022-08-23 06:46:58-07:00
195,Te Anau,-45.4167,167.7167,44.92,91,41.29,96,6.58,New Zealand,2022-08-23 06:50:08-07:00
196,Russell,32.3502,-85.1999,74.01,100,74.37,0,0.0,United States,2022-08-23 06:50:31-07:00
197,Bose,45.4612,8.0137,71.29,52,69.62,9,0.89,Italy,2022-08-23 06:50:31-07:00
198,Ahipara,-35.1667,173.1667,55.26,87,54.57,19,9.06,New Zealand,2022-08-23 06:50:32-07:00
199,Emerald,-23.5333,148.1667,77.34,39,76.6,35,8.39,Australia,2022-08-23 06:50:32-07:00
200,Bintulu,3.1667,113.0333,86.41,70,94.86,40,8.05,Malaysia,2022-08-23 06:50:33-07:00
201,East London,-33.0153,27.9116,59.94,88,59.77,20,5.75,South Africa,2022-08-23 06:50:33-07:00
202,Aklavik,68.2191,-135.0107,46.67,62,43.09,100,7.18,Canada,2022-08-23 06:50:34-07:00
203,Kavaratti,10.5669,72.642,80.92,81,86.45,100,18.75,India,2022-08-23 06:50:34-07:00
204,Hay River,60.8156,-115.7999,62.58,63,61.5,75,11.5,Canada,2022-08-23 06:50:35-07:00
205,Den Helder,52.9599,4.7593,69.96,85,68.05,75,5.01,Netherlands,2022-08-23 06:50:35-07:00
206,Barrhead,55.7992,-4.3929,62.85,92,60.33,75,4.61,United Kingdom,2022-08-23 06:48:31-07:00
207,Inuvik,68.3499,-133.7218,49.06,61,45.09,100,9.22,Canada,2022-08-23 06:50:36-07:00
208,Yako,12.9667,-2.2667,75.22,84,76.39,100,11.03,Burkina Faso,2022-08-23 06:50:37-07:00
209,Ilulissat,69.2167,-51.1,41.11,98,37.26,100,5.73,Greenland,2022-08-23 06:50:37-07:00
210,Irsha,55.9269,94.7911,57.42,47,55.06,99,11.34,Russia,2022-08-23 06:50:38-07:00
211,Huarmey,-10.0681,-78.1522,61.56,87,61.5,45,8.9,Peru,2022-08-23 06:50:38-07:00
212,Tiarei,-17.5333,-149.3333,77.02,79,78.13,30,20.54,French Polynesia,2022-08-23 06:50:39-07:00
213,Huacho,-11.1067,-77.605,60.17,87,59.97,44,9.06,Peru,2022-08-23 06:50:39-07:00
214,Korla,41.7597,86.1469,79.41,22,79.41,99,5.48,China,2022-08-23 06:46:15-07:00
215,Clyde River,70.4692,-68.5914,39.43,87,31.12,100,14.97,Canada,2022-08-23 06:50:40-07:00
216,Haines Junction,60.7522,-137.5108,60.75,59,59.29,100,5.75,Canada,2022-08-23 06:50:40-07:00
217,Cidreira,-30.1811,-50.2056,57.81,94,57.7,4,11.74,Brazil,2022-08-23 06:50:41-07:00
218,Pandan,14.0453,124.1694,84.88,74,93.97,100,15.35,Philippines,2022-08-23 06:50:42-07:00
219,Datong,40.0936,113.2914,68.36,39,66.72,100,9.73,China,2022-08-23 06:50:42-07:00
220,Nagbalaye,9.2492,122.8759,89.49,75,102.09,100,6.31,Philippines,2022-08-23 06:50:42-07:00
221,Kŭlob,37.9145,69.783,83.16,23,80.82,5,6.71,Tajikistan,2022-08-23 06:50:43-07:00
222,Verkhnyaya Inta,65.9811,60.3094,74.21,46,73.49,85,18.57,Russia,2022-08-23 06:50:43-07:00
223,Hamilton,39.1834,-84.5333,66.78,95,64.9,0,0.0,United States,2022-08-23 06:47:45-07:00
224,Kudahuvadhoo,2.6708,72.8944,82.94,69,88.0,22,13.02,Maldives,2022-08-23 06:50:44-07:00
225,Hobyo,5.3505,48.5268,81.99,66,85.57,98,25.26,Somalia,2022-08-23 06:50:45-07:00
226,Nago,26.5881,127.9761,92.25,71,102.36,57,6.55,Japan,2022-08-23 06:50:45-07:00
227,Lompoc,34.6391,-120.4579,61.52,93,60.75,100,4.61,United States,2022-08-23 06:50:46-07:00
228,Chenzhou,25.8,113.0333,100.22,36,106.66,100,5.37,China,2022-08-23 06:50:46-07:00
229,Palmas,-10.2128,-48.3603,76.87,44,76.33,0,8.05,Brazil,2022-08-23 06:50:47-07:00
230,Hambantota,6.1241,81.1185,91.74,62,104.34,40,17.27,Sri Lanka,2022-08-23 06:50:47-07:00
231,Muzaffargarh,30.0754,71.1921,95.02,40,99.01,16,11.16,Pakistan,2022-08-23 06:50:48-07:00
232,Tazovsky,67.4667,78.7,62.35,63,61.25,11,15.23,Russia,2022-08-23 06:50:48-07:00
233,Poya,-21.35,165.15,72.03,83,72.84,1,6.02,New Caledonia,2022-08-23 06:50:49-07:00
234,Nanortalik,60.1432,-45.2371,42.96,76,34.74,100,18.43,Greenland,2022-08-23 06:50:49-07:00
235,Haisyn,48.8114,29.3898,79.5,32,79.5,91,12.15,Ukraine,2022-08-23 06:50:50-07:00
236,Beipiao,41.7919,120.7792,75.69,34,74.55,74,12.33,China,2022-08-23 06:50:50-07:00
237,Orlik,52.5178,99.825,56.86,42,54.21,100,10.76,Russia,2022-08-23 06:50:51-07:00
238,Southbridge,42.0751,-72.0334,69.67,98,69.06,100,1.12,United States,2022-08-23 06:50:51-07:00
239,Port Hedland,-20.3167,118.5667,87.85,13,84.13,0,17.27,Australia,2022-08-23 06:50:52-07:00
240,Batemans Bay,-35.7167,150.1833,52.11,88,51.15,100,8.14,Australia,2022-08-23 06:50:52-07:00
241,Benguela,-12.5763,13.4055,70.99,76,71.37,4,3.6,Angola,2022-08-23 06:50:53-07:00
242,Kushmurun,52.4503,64.6311,72.12,52,71.47,26,11.54,Kazakhstan,2022-08-23 06:50:53-07:00
243,Dicabisagan,17.0818,122.4157,78.89,89,78.89,100,16.31,Philippines,2022-08-23 06:50:54-07:00
244,Kahului,20.8947,-156.47,77.85,85,78.67,75,8.99,United States,2022-08-23 06:50:54-07:00
245,Bahār,34.9072,48.4414,78.96,19,78.96,0,4.61,Iran,2022-08-23 06:50:54-07:00
246,Rosetown,51.5501,-108.0014,59.67,82,58.44,0,2.3,Canada,2022-08-23 06:50:55-07:00
247,Skibotn,69.3913,20.2679,51.78,81,50.47,100,14.34,Norway,2022-08-23 06:50:55-07:00
248,Coquimbo,-29.9533,-71.3436,53.33,87,52.45,100,3.44,Chile,2022-08-23 06:50:56-07:00
249,Isangel,-19.55,169.2667,80.71,69,83.97,40,4.61,Vanuatu,2022-08-23 06:50:56-07:00
250,Borodino,55.9106,94.8983,57.54,47,55.2,99,11.34,Russia,2022-08-23 06:50:57-07:00
251,Bandarbeyla,9.4942,50.8122,86.34,52,89.01,11,28.39,Somalia,2022-08-23 06:50:58-07:00
252,Khasan,42.4308,130.6434,74.93,53,74.61,0,17.36,Russia,2022-08-23 06:50:58-07:00
253,Puerto Nariño,-3.7703,-70.3831,68.52,85,69.06,2,2.55,Colombia,2022-08-23 06:50:59-07:00
254,Saint-Pierre,-21.3393,55.4781,80.28,53,78.03,0,3.44,Reunion,2022-08-23 06:50:59-07:00
255,Vardø,70.3705,31.1107,57.18,67,55.74,0,24.16,Norway,2022-08-23 06:51:00-07:00
256,Moshny,49.5147,31.7476,78.48,35,77.67,13,15.99,Ukraine,2022-08-23 06:51:00-07:00
257,Lamesa,32.7376,-101.951,68.52,84,69.03,1,5.99,United States,2022-08-23 06:50:41-07:00
258,Semporna,4.4818,118.6112,86.56,63,93.38,72,7.76,Malaysia,2022-08-23 06:51:01-07:00
259,Matagami,49.7502,-77.6328,55.51,94,55.18,100,5.75,Canada,2022-08-23 06:51:01-07:00
260,Panacan,9.2463,118.4082,84.49,76,93.76,95,12.71,Philippines,2022-08-23 06:51:02-07:00
261,Pihuamo,19.2499,-103.3828,70.48,99,71.89,57,0.87,Mexico,2022-08-23 06:51:02-07:00
262,Sohag,26.557,31.6948,93.49,19,89.67,0,4.74,Egypt,2022-08-23 06:51:03-07:00
263,Talnakh,69.4865,88.3972,52.21,96,51.66,100,3.94,Russia,2022-08-23 06:51:03-07:00
264,La Rioja,42.25,-2.5,58.78,81,58.17,60,1.77,Spain,2022-08-23 06:51:04-07:00
265,Bodden Town,19.2833,-81.25,81.93,80,79.27,27,10.54,Cayman Islands,2022-08-23 06:51:04-07:00
266,Abashiri,44.0213,144.2697,80.89,78,85.8,75,14.97,Japan,2022-08-23 06:51:05-07:00
267,Fare,-16.7,-151.0167,77.27,77,78.31,9,19.86,French Polynesia,2022-08-23 06:51:06-07:00
268,Karlshamn,56.1706,14.8619,61.29,56,59.74,100,5.06,Sweden,2022-08-23 06:49:26-07:00
269,Yerbogachën,61.2767,108.0108,51.15,67,49.12,100,7.2,Russia,2022-08-23 06:51:06-07:00
270,Nome,64.5011,-165.4064,53.67,76,52.3,0,6.91,United States,2022-08-23 06:47:47-07:00
271,Tezu,27.9167,96.1667,98.29,49,110.89,52,3.58,India,2022-08-23 06:51:07-07:00
272,Raton,36.9034,-104.4391,59.34,87,55.44,40,3.44,United States,2022-08-23 06:51:08-07:00
273,College,64.8569,-147.8028,64.8,78,61.79,75,4.61,United States,2022-08-23 06:51:08-07:00
274,Airai,-8.9266,125.4092,71.2,43,70.05,5,5.48,Timor-Leste,2022-08-23 06:51:09-07:00
275,Fairview,40.8126,-73.999,74.57,91,72.99,75,4.61,United States,2022-08-23 06:47:33-07:00
276,Hermanus,-34.4187,19.2345,55.8,65,54.12,1,8.5,South Africa,2022-08-23 06:51:09-07:00
277,Cascais,38.6979,-9.4215,66.97,96,67.05,20,23.0,Portugal,2022-08-23 06:46:17-07:00
278,Baker City,44.7749,-117.8344,70.59,48,68.77,0,10.36,United States,2022-08-23 06:51:10-07:00
279,Bosaso,11.2842,49.1816,100.38,22,98.8,0,12.66,Somalia,2022-08-23 06:51:10-07:00
280,Geraldton,-28.7667,114.6,68.41,37,66.69,93,16.11,Australia,2022-08-23 06:51:11-07:00
281,Hualmay,-11.0964,-77.6139,60.17,87,59.97,46,9.22,Peru,2022-08-23 06:51:11-07:00
282,Yar,58.249,52.1026,76.73,51,76.5,92,4.32,Russia,2022-08-23 06:51:11-07:00
283,Paamiut,61.994,-49.6678,46.2,65,35.69,100,39.12,Greenland,2022-08-23 06:51:12-07:00
284,Manokwari,-0.8667,134.0833,83.5,68,88.83,48,11.1,Indonesia,2022-08-23 06:51:12-07:00
285,Iqaluit,63.7506,-68.5145,40.73,80,37.6,100,4.61,Canada,2022-08-23 06:51:13-07:00
286,Sterling,39.0062,-77.4286,71.56,90,68.77,0,5.75,United States,2022-08-23 06:47:20-07:00
287,Ede,52.0333,5.6583,69.03,76,66.51,100,1.14,Netherlands,2022-08-23 06:50:38-07:00
288,Ignacio Zaragoza,28.3833,-107.2167,59.13,93,59.11,100,6.06,Mexico,2022-08-23 06:51:14-07:00
289,Henties Bay,-22.116,14.2845,58.68,73,57.67,0,2.59,Namibia,2022-08-23 06:51:14-07:00
290,Egvekinot,66.3167,-179.1667,46.78,54,46.78,5,2.98,Russia,2022-08-23 06:51:14-07:00
291,Itarema,-2.9248,-39.9167,78.12,79,79.34,100,14.76,Brazil,2022-08-23 06:51:15-07:00
292,Tynda,55.1667,124.7167,62.22,64,61.16,68,7.63,Russia,2022-08-23 06:51:15-07:00
293,Nizhniy Kuranakh,58.8353,125.4869,52.77,92,52.07,100,6.69,Russia,2022-08-23 06:51:16-07:00
294,Pisco,-13.7,-76.2167,51.85,87,50.83,5,5.75,Peru,2022-08-23 06:51:17-07:00
295,Granada,37.25,-3.25,74.3,27,69.39,0,1.97,Spain,2022-08-23 06:51:17-07:00
296,Jining,35.405,116.5814,83.01,49,83.73,7,12.75,China,2022-08-23 06:51:18-07:00
297,Kandiari,26.9156,68.5216,88.43,66,99.16,99,6.58,Pakistan,2022-08-23 06:51:18-07:00
298,Jalu,29.0331,21.5482,85.12,46,85.68,0,5.26,Libya,2022-08-23 06:51:18-07:00
299,Mandurah,-32.55,115.7,63.91,49,62.31,50,11.12,Australia,2022-08-23 06:51:19-07:00
300,Kenai,60.5544,-151.2583,57.29,87,55.99,100,5.75,United States,2022-08-23 06:48:44-07:00
301,Killam,52.7834,-111.8518,58.95,77,58.15,33,6.91,Canada,2022-08-23 06:51:20-07:00
302,Bayonet Point,28.3267,-82.6834,82.4,91,79.95,98,6.55,United States,2022-08-23 06:51:20-07:00
303,Umluj,25.0213,37.2685,93.65,35,94.35,5,12.77,Saudi Arabia,2022-08-23 06:51:21-07:00
304,Iskateley,67.6803,53.1512,68.02,61,67.39,100,15.95,Russia,2022-08-23 06:51:21-07:00
305,Assiut,27.181,31.1837,91.58,23,88.32,0,1.5,Egypt,2022-08-23 06:51:21-07:00
306,Goderich,43.7501,-81.7165,69.91,94,61.36,1,0.0,Canada,2022-08-23 06:51:22-07:00
307,Ulaangom,49.9811,92.0667,69.35,27,67.26,43,5.03,Mongolia,2022-08-23 06:51:22-07:00
308,Vavoua,7.3819,-6.4778,71.73,92,72.91,100,6.26,Cote d'Ivoire,2022-08-23 06:51:23-07:00
309,Sinnamary,5.3833,-52.95,73.89,92,75.29,100,7.9,French Guiana,2022-08-23 06:51:23-07:00
310,Gliwice,50.2976,18.6766,66.52,90,65.77,93,1.01,Poland,2022-08-23 06:49:21-07:00
311,Port Lincoln,-34.7333,135.8667,54.25,66,52.47,98,15.14,Australia,2022-08-23 06:51:24-07:00
312,Pahrump,36.2083,-115.9839,90.25,20,86.07,5,4.36,United States,2022-08-23 06:51:25-07:00
313,Oktyabr'skoye,43.0645,44.7417,69.94,60,69.46,78,4.47,Russia,2022-08-23 06:51:25-07:00
314,Pangnirtung,66.1451,-65.7125,40.03,98,34.93,100,7.4,Canada,2022-08-23 06:51:26-07:00
315,Pringsewu,-5.3582,104.9744,82.26,80,89.42,91,3.91,Indonesia,2022-08-23 06:51:26-07:00
316,Montes Claros,-16.735,-43.8617,59.14,86,58.8,85,3.87,Brazil,2022-08-23 06:51:27-07:00
317,Ostrovnoy,68.0531,39.5131,63.03,58,61.75,100,20.49,Russia,2022-08-23 06:51:27-07:00
318,Nanga Eboko,4.6833,12.3667,69.19,93,70.18,100,4.18,Cameroon,2022-08-23 06:51:28-07:00
319,La Ronge,55.1001,-105.2842,55.65,94,55.33,0,2.3,Canada,2022-08-23 06:51:28-07:00
320,Mil'kovo,54.7167,158.6167,68.29,64,67.82,100,3.71,Russia,2022-08-23 06:51:28-07:00
321,Grand-Santi,4.25,-54.3833,71.67,98,73.15,100,1.57,French Guiana,2022-08-23 06:51:29-07:00
322,Olinda,-8.0089,-34.8553,71.33,88,72.3,100,6.91,Brazil,2022-08-23 06:51:29-07:00
323,Bograd,54.2344,90.8328,59.4,55,57.61,82,7.49,Russia,2022-08-23 06:51:29-07:00
324,Vung Tau,10.346,107.0843,85.05,73,93.97,100,10.13,Vietnam,2022-08-23 06:51:30-07:00
325,Acapulco de Juárez,16.8634,-99.8901,78.89,87,78.89,100,3.56,Mexico,2022-08-23 06:51:30-07:00
326,Olutanga,7.3106,122.8464,80.55,79,85.24,100,6.13,Philippines,2022-08-23 06:51:31-07:00
327,Lomita,33.7922,-118.3151,70.9,92,65.86,100,5.01,United States,2022-08-23 06:51:31-07:00
328,Labuhan,-6.8844,112.2051,88.32,55,93.6,39,8.75,Indonesia,2022-08-23 06:51:32-07:00
329,Kamaishi,39.2667,141.8833,80.13,88,85.69,98,12.21,Japan,2022-08-23 06:51:32-07:00
330,Bambous Virieux,-20.3428,57.7575,77.25,65,77.74,40,18.41,Mauritius,2022-08-23 06:51:33-07:00
331,Noicattaro,41.0338,16.9896,77.25,66,75.36,12,7.78,Italy,2022-08-23 06:51:33-07:00
332,Asău,46.4333,26.4,69.28,76,69.08,94,3.0,Romania,2022-08-23 06:51:34-07:00
333,Praia da Vitória,38.7333,-27.0667,71.85,83,72.64,40,8.72,Portugal,2022-08-23 06:51:34-07:00
334,Noda,35.9411,139.8581,93.33,52,95.54,100,13.06,Japan,2022-08-23 06:51:35-07:00
335,Petropavlovsk-Kamchatskiy,53.0452,158.6483,70.39,56,69.76,0,6.71,Russia,2022-08-23 06:51:35-07:00
336,Tàrrega,41.647,1.1396,73.15,72,70.9,3,2.3,Spain,2022-08-23 06:51:36-07:00
337,Vangaindrano,-23.35,47.6,72.59,70,72.84,0,4.03,Madagascar,2022-08-23 06:51:36-07:00
338,Mehamn,71.0357,27.8492,57.15,58,55.29,75,39.35,Norway,2022-08-23 06:51:37-07:00
339,Longyearbyen,78.2186,15.6401,39.04,70,29.93,75,17.27,Svalbard and Jan Mayen Islands,2022-08-23 06:51:37-07:00
340,Obo,5.3998,26.4869,67.64,99,68.76,100,4.76,Central African Republic,2022-08-23 06:51:38-07:00
341,Buraidah,26.326,43.975,95.45,10,90.59,0,11.7,Saudi Arabia,2022-08-23 06:51:38-07:00
342,Mariehamn,60.0973,19.9348,62.46,88,62.55,0,1.14,Aland Islands,2022-08-23 06:51:39-07:00
343,Carbonear,47.7332,-53.2148,60.42,94,58.78,100,8.59,Canada,2022-08-23 06:51:39-07:00
344,Yangi Marg`ilon,40.4272,71.7189,83.12,24,80.85,1,6.91,Uzbekistan,2022-08-23 06:51:40-07:00
345,Oddur,4.1213,43.8894,80.96,41,80.73,14,24.61,Somalia,2022-08-23 06:51:40-07:00
346,Matai,-8.3,31.5167,63.84,52,62.37,7,7.61,Tanzania,2022-08-23 06:51:41-07:00
347,Loudéac,48.1783,-2.7543,67.59,97,67.12,100,5.19,France,2022-08-23 06:51:41-07:00
348,Kualakapuas,-3.0091,114.3876,87.22,59,93.11,94,7.58,Indonesia,2022-08-23 06:51:42-07:00
349,Cayenne,4.9333,-52.3333,73.44,94,74.89,100,0.0,French Guiana,2022-08-23 06:51:42-07:00
350,Tanete,-3.9443,119.7848,87.76,47,89.64,63,13.91,Indonesia,2022-08-23 06:51:43-07:00
351,Marfino,55.7028,37.3822,76.95,50,74.43,0,6.71,Russia,2022-08-23 06:51:43-07:00
352,Raub,3.7899,101.857,85.57,68,93.22,100,2.93,Malaysia,2022-08-23 06:51:44-07:00
353,Floriano,-6.7669,-43.0225,74.53,51,74.08,100,8.32,Brazil,2022-08-23 06:51:17-07:00
354,Norman Wells,65.282,-126.8329,55.44,71,54.01,75,11.5,Canada,2022-08-23 06:51:44-07:00
355,Port Hardy,50.6996,-127.4199,59.18,94,59.22,75,2.3,Canada,2022-08-23 06:51:45-07:00
356,Jingdezhen,29.2947,117.2079,107.47,29,115.75,97,0.78,China,2022-08-23 06:51:45-07:00
357,Ternate,0.8,127.4,82.85,75,89.46,100,4.29,Indonesia,2022-08-23 06:51:46-07:00
358,Llanes,43.4198,-4.7549,70.93,77,71.35,69,4.29,Spain,2022-08-23 06:51:46-07:00
359,Severo-Yeniseyskiy,60.3725,93.0408,56.79,46,54.32,100,9.57,Russia,2022-08-23 06:51:47-07:00
360,Arman',59.7,150.1667,54.18,96,53.8,100,5.39,Russia,2022-08-23 06:51:48-07:00
361,Kathmandu,27.7167,85.3167,86.22,58,90.79,40,10.36,Nepal,2022-08-23 06:47:57-07:00
362,Muros,42.7762,-9.0603,69.15,83,69.33,25,9.48,Spain,2022-08-23 06:51:48-07:00
363,Enschede,52.2183,6.8958,74.08,74,69.33,13,2.24,Netherlands,2022-08-23 06:47:55-07:00
364,Xalapa,19.5333,-96.9167,60.48,93,60.6,48,4.41,Mexico,2022-08-23 06:48:39-07:00
365,Cookeville,36.1628,-85.5016,67.64,98,65.53,0,0.0,United States,2022-08-23 06:50:52-07:00
366,Poyarkovo,49.6,128.6833,71.8,39,70.5,77,19.82,Russia,2022-08-23 06:51:49-07:00
367,Berlevåg,70.8578,29.0864,58.8,58,55.42,75,25.32,Norway,2022-08-23 06:51:50-07:00
368,Katherine,-14.4667,132.2667,93.52,10,88.9,0,12.66,Australia,2022-08-23 06:51:50-07:00
369,Sompeta,18.9333,84.6,89.71,62,100.11,91,6.64,India,2022-08-23 06:51:51-07:00
370,Grand Baie,-20.0182,57.5802,77.47,60,76.6,6,11.99,Mauritius,2022-08-23 06:51:51-07:00
371,Port Augusta,-32.5,137.7667,54.95,52,52.59,98,14.38,Australia,2022-08-23 06:51:52-07:00
372,Villa María,-32.4075,-63.2402,45.48,62,41.43,0,7.65,Argentina,2022-08-23 06:50:21-07:00
373,Maceió,-9.6658,-35.7353,71.04,94,72.27,100,4.61,Brazil,2022-08-23 06:51:52-07:00
374,Christchurch,-43.5333,172.6333,50.92,85,43.54,100,17.27,New Zealand,2022-08-23 06:47:37-07:00
375,Fortuna,40.5982,-124.1573,64.74,92,63.3,100,1.01,United States,2022-08-23 06:51:53-07:00
376,Palmer,42.1584,-72.3287,70.41,83,68.2,100,0.0,United States,2022-08-23 06:46:57-07:00
377,Leningradskiy,69.3833,178.4167,39.16,82,30.74,0,15.1,Russia,2022-08-23 06:51:54-07:00
378,Youhao,47.8667,128.8333,69.96,48,68.92,98,12.91,China,2022-08-23 06:51:54-07:00
379,Baijiantan,45.6333,85.1833,77.18,23,75.69,24,5.82,China,2022-08-23 06:51:54-07:00
380,Wuning,29.2589,120.2311,105.44,29,111.63,100,7.02,China,2022-08-23 06:51:55-07:00
381,Cairns,-16.9167,145.7667,83.07,47,80.98,19,5.75,Australia,2022-08-23 06:49:01-07:00
382,Jinchang,38.4953,102.1739,69.33,53,68.45,36,3.18,China,2022-08-23 06:51:56-07:00
383,Astoria,46.1879,-123.8313,62.92,88,62.42,24,1.01,United States,2022-08-23 06:51:56-07:00
384,Largo,27.9095,-82.7873,82.4,81,79.79,0,4.61,United States,2022-08-23 06:51:57-07:00
385,Inza,53.8533,46.3586,83.25,38,82.29,15,6.24,Russia,2022-08-23 06:51:57-07:00
386,Bubaque,11.2833,-15.8333,80.37,78,84.7,100,10.36,Guinea-Bissau,2022-08-23 06:51:58-07:00
387,Ponta Delgada,37.7333,-25.6667,73.51,68,72.45,75,3.44,Portugal,2022-08-23 06:51:59-07:00
388,Vestmannaeyjar,63.4427,-20.2734,49.69,78,47.12,64,6.35,Iceland,2022-08-23 06:51:59-07:00
389,Chapais,49.7834,-74.8492,58.78,96,58.87,80,5.14,Canada,2022-08-23 06:47:47-07:00
390,Tautira,-17.7333,-149.15,75.67,80,76.69,59,18.95,French Polynesia,2022-08-23 06:52:00-07:00
391,Alyangula,-13.8483,136.4192,79.83,49,79.83,2,14.34,Australia,2022-08-23 06:52:00-07:00
392,Laguna,38.421,-121.4238,78.31,68,73.56,0,4.61,United States,2022-08-23 06:52:01-07:00
393,Araouane,18.9048,-3.5265,91.6,34,91.0,100,12.95,Mali,2022-08-23 06:52:01-07:00
394,Comodoro Rivadavia,-45.8667,-67.5,42.66,87,39.88,20,4.61,Argentina,2022-08-23 06:52:02-07:00
395,Nouadhibou,20.931,-17.0347,73.38,94,74.84,20,8.05,Mauritania,2022-08-23 06:52:02-07:00
396,São Félix do Xingu,-6.6447,-51.995,75.45,42,74.68,100,1.28,Brazil,2022-08-23 06:52:03-07:00
397,Barra Patuca,15.8,-84.2833,78.12,85,79.63,43,2.28,Honduras,2022-08-23 06:52:03-07:00
398,Maragheh,37.3917,46.2398,75.47,25,73.89,0,19.57,Iran,2022-08-23 06:52:04-07:00
399,Okhotsk,59.3833,143.3,59.77,79,59.16,56,4.94,Russia,2022-08-23 06:52:04-07:00
400,Illela,13.7292,5.2975,79.12,72,79.12,100,9.98,Nigeria,2022-08-23 06:52:05-07:00
401,Saint George,37.1041,-113.5841,80.8,52,81.46,0,1.99,United States,2022-08-23 06:49:54-07:00
402,Shitanjing,39.2342,106.3439,64.27,53,62.89,99,8.21,China,2022-08-23 06:52:06-07:00
403,Pundaguitan,6.3711,126.1689,83.48,72,89.98,98,10.22,Philippines,2022-08-23 06:52:06-07:00
404,Husavik,66.0449,-17.3389,44.62,80,44.62,98,1.19,Iceland,2022-08-23 06:52:06-07:00
405,Acamixtla,18.5667,-99.5833,60.57,94,60.75,99,2.33,Mexico,2022-08-23 06:52:07-07:00
406,Rochegda,62.8,43.25,75.13,46,74.5,82,7.99,Russia,2022-08-23 06:52:07-07:00
407,Danielskuil,-28.1887,23.5395,59.92,30,57.02,5,12.08,South Africa,2022-08-23 06:52:08-07:00
408,Bakel,14.905,-12.4568,79.34,82,79.34,76,6.51,Senegal,2022-08-23 06:52:08-07:00
409,Soyo,-6.1349,12.3689,71.01,87,71.89,81,9.26,Angola,2022-08-23 06:52:09-07:00
410,Antalaha,-14.9003,50.2788,71.74,86,72.66,54,13.6,Madagascar,2022-08-23 06:52:09-07:00
411,Port Keats,-14.25,129.55,93.61,18,89.65,0,7.94,Australia,2022-08-23 06:52:09-07:00
412,Constantine,36.365,6.6147,72.81,53,72.28,0,0.0,Algeria,2022-08-23 06:52:10-07:00
413,Lagoa,39.05,-27.9833,72.79,75,73.29,100,11.77,Portugal,2022-08-23 06:52:10-07:00
414,Togur,58.3631,82.8265,63.32,47,61.56,83,6.06,Russia,2022-08-23 06:52:11-07:00
415,Athabasca,54.7169,-113.2854,55.81,70,54.39,6,3.96,Canada,2022-08-23 06:52:11-07:00
416,Klaksvík,62.2266,-6.589,52.72,99,52.34,100,13.8,Faeroe Islands,2022-08-23 06:52:12-07:00
417,Emet,39.343,29.2585,78.13,53,78.13,0,2.24,Turkey,2022-08-23 06:52:12-07:00
418,Narsaq,60.9167,-46.05,40.71,74,40.71,100,0.02,Greenland,2022-08-23 06:52:13-07:00
419,Berdigestyakh,62.0989,126.6992,43.54,97,39.67,100,6.51,Russia,2022-08-23 06:52:13-07:00
420,Warmbad,-28.45,18.7333,65.91,17,63.0,0,13.27,Namibia,2022-08-23 06:52:14-07:00
421,Richards Bay,-28.783,32.0377,62.69,72,62.04,100,4.05,South Africa,2022-08-23 06:52:14-07:00
422,Yārāda,17.65,83.2667,95.32,59,107.92,40,10.36,India,2022-08-23 06:52:15-07:00
423,Nazarovo,56.0064,90.3914,59.92,44,57.69,30,5.64,Russia,2022-08-23 06:52:15-07:00
424,Loandjili,-4.7561,11.8578,71.71,88,72.72,100,3.44,Congo Republic,2022-08-23 06:52:16-07:00
425,Saint-Augustin,51.226,-58.6502,63.21,95,63.7,95,13.56,Canada,2022-08-23 06:52:16-07:00
426,Guadalupe y Calvo,26.1,-106.9667,53.6,94,53.08,100,5.12,Mexico,2022-08-23 06:52:17-07:00
427,Lebane,42.9239,21.7375,61.39,93,61.61,100,3.02,Serbia,2022-08-23 06:52:17-07:00
428,Sulangan,11.1373,123.7228,84.36,73,92.32,100,10.02,Philippines,2022-08-23 06:52:18-07:00
429,Flin Flon,54.7682,-101.865,56.25,77,55.18,32,4.9,Canada,2022-08-23 06:50:50-07:00
430,Gizo Government Station,-8.103,156.8419,82.76,72,88.43,18,5.12,Solomon Islands,2022-08-23 06:52:18-07:00
431,Langsa,4.4683,97.9683,86.32,69,95.41,100,4.45,Indonesia,2022-08-23 06:52:19-07:00
432,Biak,-0.9131,122.8766,79.54,77,79.54,100,8.37,Indonesia,2022-08-23 06:52:19-07:00
433,Manado,1.487,124.8455,88.57,58,95.45,40,16.11,Indonesia,2022-08-23 06:52:20-07:00
434,Catalina,32.5056,-110.9211,79.23,67,76.8,100,2.91,United States,2022-08-23 06:52:20-07:00
435,Königs Wusterhausen,52.3014,13.633,69.15,82,66.42,0,9.22,Germany,2022-08-23 06:52:21-07:00
436,Mattru,7.6244,-11.8332,71.96,98,73.45,86,0.36,Sierra Leone,2022-08-23 06:52:21-07:00
437,Burley,42.5357,-113.7928,71.29,49,67.06,0,8.05,United States,2022-08-23 06:52:22-07:00
438,Mwinilunga,-11.7358,24.4293,70.27,39,68.83,39,11.27,Zambia,2022-08-23 06:52:22-07:00
439,Sunrise Manor,36.2111,-115.0731,95.41,31,89.46,0,4.61,United States,2022-08-23 06:52:23-07:00
440,Concarneau,47.875,-3.9225,66.99,95,67.86,100,5.77,France,2022-08-23 06:52:23-07:00
441,Sindou,10.6667,-5.1667,72.52,94,73.89,100,4.12,Burkina Faso,2022-08-23 06:52:24-07:00
442,Shenzhen,22.5455,114.0683,97.86,74,108.0,10,4.45,China,2022-08-23 06:52:22-07:00
443,Kiryat Gat,31.61,34.7642,85.78,1,82.33,0,7.85,Israel,2022-08-23 06:52:24-07:00
444,Kalavai,12.7703,79.42,95.32,40,99.59,100,10.54,India,2022-08-23 06:52:25-07:00
445,Oliveira,-20.6964,-44.8272,49.33,93,47.01,0,5.73,Brazil,2022-08-23 06:47:39-07:00
446,Ishikari,43.2397,141.3539,79.27,78,78.22,75,5.75,Japan,2022-08-23 06:52:26-07:00
447,Intipucá,13.1969,-88.0544,74.07,97,75.74,100,1.32,El Salvador,2022-08-23 06:52:26-07:00
448,Kumul,42.8,93.45,81.95,17,79.72,20,5.37,China,2022-08-23 06:52:27-07:00
449,Kashan,33.9831,51.4364,88.86,11,84.96,3,7.78,Iran,2022-08-23 06:52:28-07:00
450,Narrabri,-30.3167,149.7833,45.52,89,45.52,100,1.01,Australia,2022-08-23 06:52:28-07:00
451,Nishihara,26.1842,127.7558,91.45,72,102.92,75,9.22,Japan,2022-08-23 06:52:28-07:00
452,Cockburn Town,21.4612,-71.1419,82.06,75,87.69,100,12.3,Turks and Caicos Islands,2022-08-23 06:52:29-07:00
453,Dolisie,-4.1997,12.6739,69.08,84,69.64,78,4.34,Congo Republic,2022-08-23 06:52:29-07:00
454,Ukhta,63.5671,53.6835,78.01,46,77.67,52,8.7,Russia,2022-08-23 06:50:36-07:00
455,Suntar,62.1444,117.6319,50.7,74,48.96,96,5.46,Russia,2022-08-23 06:52:30-07:00
456,Bontang,0.1333,117.5,82.18,79,88.99,100,5.91,Indonesia,2022-08-23 06:52:30-07:00
457,Colombo,6.9319,79.8478,85.95,78,98.55,48,13.4,Sri Lanka,2022-08-23 06:52:31-07:00
458,Fairbanks,64.8378,-147.7164,64.81,79,61.74,75,4.61,United States,2022-08-23 06:48:32-07:00
459,Copperas Cove,31.1241,-97.9031,72.93,94,73.06,100,0.0,United States,2022-08-23 06:52:32-07:00
460,Igrim,63.1906,64.4162,77.85,41,77.25,0,5.91,Russia,2022-08-23 06:52:32-07:00
461,Portland,45.5234,-122.6762,74.48,66,70.54,20,11.5,United States,2022-08-23 06:48:50-07:00
462,Codrington,-38.2667,141.9667,49.91,71,44.6,74,14.72,Australia,2022-08-23 06:52:33-07:00
463,Atascadero,35.4894,-120.6707,75.0,56,71.55,0,3.62,United States,2022-08-23 06:52:33-07:00
464,Eskişehir,39.7767,30.5206,81.37,35,80.46,0,2.17,Turkey,2022-08-23 06:51:05-07:00
465,Porto-Novo,6.4965,2.6036,76.82,88,78.33,100,8.93,Benin,2022-08-23 06:52:34-07:00
466,Dehui,44.5333,125.7,69.93,64,69.62,0,11.01,China,2022-08-23 06:52:34-07:00
467,São João da Barra,-21.6403,-41.0511,64.13,83,64.15,62,6.73,Brazil,2022-08-23 06:52:35-07:00
468,Luangwa,-15.6167,30.4167,73.87,49,73.26,46,12.17,Zambia,2022-08-23 06:52:36-07:00
469,Ambovombe,-25.1667,46.0833,73.38,66,73.53,1,11.18,Madagascar,2022-08-23 06:52:36-07:00
470,Teya,60.3778,92.6267,60.64,45,58.51,100,9.26,Russia,2022-08-23 06:52:36-07:00
471,Bandrele,-12.9067,45.1914,80.35,65,82.85,75,16.11,Mayotte,2022-08-23 06:52:37-07:00
472,Charter Township of Clinton,42.587,-82.9199,68.32,92,64.67,0,3.44,United States,2022-08-23 06:51:30-07:00
473,Kalachinsk,55.0529,74.5751,65.91,45,64.31,0,5.3,Russia,2022-08-23 06:52:38-07:00
474,Kargasok,59.0556,80.8572,64.9,49,63.39,36,7.29,Russia,2022-08-23 06:52:38-07:00
475,Seoul,37.5683,126.9778,85.6,54,88.36,20,6.91,South Korea,2022-08-23 06:44:16-07:00
476,Pemba,-12.974,40.5178,75.9,69,76.44,75,11.5,Mozambique,2022-08-23 06:52:39-07:00
477,Pitimbu,-7.4706,-34.8086,72.19,88,73.26,99,13.04,Brazil,2022-08-23 06:52:39-07:00
478,Bonfim,3.0833,-59.95,73.99,89,75.27,99,3.15,Brazil,2022-08-23 06:51:14-07:00
479,Santa Maria,-29.6842,-53.8069,48.4,96,46.6,5,4.59,Brazil,2022-08-23 06:50:58-07:00
480,La Fria,8.2203,-72.2439,71.71,93,72.95,100,3.06,Venezuela,2022-08-23 06:52:40-07:00
481,Kapuskasing,49.4169,-82.4331,51.89,93,51.04,100,5.75,Canada,2022-08-23 06:52:40-07:00
482,Balkanabat,39.5108,54.3671,86.5,10,83.07,0,13.2,Turkmenistan,2022-08-23 06:52:41-07:00
483,Vao,-22.6667,167.4833,71.31,78,71.82,20,13.76,New Caledonia,2022-08-23 06:52:42-07:00
484,Morondava,-20.2833,44.2833,78.66,65,79.27,5,7.29,Madagascar,2022-08-23 06:52:42-07:00
485,Tessalit,20.1986,1.0114,90.54,19,86.74,40,12.19,Mali,2022-08-23 06:52:43-07:00
486,Tocopilla,-22.092,-70.1979,58.73,63,57.27,2,5.86,Chile,2022-08-23 06:52:43-07:00
487,Taksimo,56.3444,114.8794,66.85,45,65.35,85,1.74,Russia,2022-08-23 06:52:44-07:00
488,Los Llanos de Aridane,28.6585,-17.9182,74.12,66,74.34,20,17.27,Spain,2022-08-23 06:52:44-07:00
489,Vanimo,-2.6741,141.3028,83.37,75,90.66,67,9.73,Papua New Guinea,2022-08-23 06:52:45-07:00
490,Dubna,56.7333,37.1667,78.6,40,78.04,100,7.74,Russia,2022-08-23 06:52:45-07:00
491,Oriximiná,-1.7656,-55.8661,75.47,81,76.53,100,2.46,Brazil,2022-08-23 06:52:46-07:00
492,Trat,12.5,102.5,88.0,66,98.08,82,8.28,Thailand,2022-08-23 06:52:46-07:00
493,Kununurra,-15.7667,128.7333,93.18,8,88.61,0,16.11,Australia,2022-08-23 06:52:46-07:00
494,Włocławek,52.6482,19.0678,69.53,76,69.76,41,5.97,Poland,2022-08-23 06:52:47-07:00
495,Bilma,18.6853,12.9164,93.36,27,91.24,100,9.04,Niger,2022-08-23 06:52:47-07:00
496,Yerköy,39.6381,34.4672,85.64,28,83.19,0,2.66,Turkey,2022-08-23 06:52:48-07:00
497,Yanaul,56.2719,54.9309,80.2,39,79.99,41,6.55,Russia,2022-08-23 06:52:48-07:00
498,Baghdad,33.3406,44.4009,94.91,29,93.92,0,6.91,Iraq,2022-08-23 06:52:49-07:00
499,Carutapera,-1.195,-46.02,74.86,92,76.37,87,5.59,Brazil,2022-08-23 06:52:49-07:00
500,Kampen,52.555,5.9111,69.96,54,66.56,15,4.29,Netherlands,2022-08-23 06:52:50-07:00
501,Dutlwe,-23.9833,23.9,60.62,39,58.21,0,16.35,Botswana,2022-08-23 06:52:50-07:00
502,Abalak,58.1286,68.5944,69.93,77,70.23,93,3.02,Russia,2022-08-23 06:52:51-07:00
503,Tarko-Sale,64.9225,77.785,72.16,46,71.24,10,15.08,Russia,2022-08-23 06:52:51-07:00
504,Igarka,67.4667,86.5833,58.8,74,57.87,95,9.28,Russia,2022-08-23 06:52:51-07:00
505,Yangjiang,21.85,111.9667,92.55,61,105.15,30,4.0,China,2022-08-23 06:52:52-07:00
506,Lavrentiya,65.5833,-171.0,36.91,87,36.91,0,1.61,Russia,2022-08-23 06:52:52-07:00
507,Leeton,-34.5667,146.4,53.65,47,50.94,40,19.57,Australia,2022-08-23 06:52:53-07:00
508,Montrose,38.4166,-108.2673,53.17,55,49.64,9,1.19,United States,2022-08-23 06:52:53-07:00
509,Dobrinka,52.1653,40.4731,82.58,27,80.67,20,14.03,Russia,2022-08-23 06:52:54-07:00
510,Hervey Bay,-25.2986,152.8535,66.58,75,66.45,64,12.77,Australia,2022-08-23 06:52:54-07:00
511,Maumere,-8.6199,122.2111,82.81,55,84.6,9,5.7,Indonesia,2022-08-23 06:52:55-07:00
512,Krasnokamensk,50.0979,118.0369,73.56,26,71.83,8,8.21,Russia,2022-08-23 06:52:55-07:00
513,Herat Province,34.5,62.0,76.6,11,74.48,0,21.77,Afghanistan,2022-08-23 06:52:56-07:00
514,Yining,29.0361,114.5636,105.87,30,113.38,98,0.78,China,2022-08-23 06:52:56-07:00
515,Marawi,7.9986,124.2928,77.05,84,78.4,97,2.3,Philippines,2022-08-23 06:52:57-07:00
516,Olafsvik,64.8945,-23.7142,45.57,78,39.43,48,13.35,Iceland,2022-08-23 06:52:57-07:00
517,Rome,43.2128,-75.4557,68.5,97,67.44,100,0.0,United States,2022-08-23 06:52:58-07:00
518,Caravelas,-17.7125,-39.2481,69.31,84,69.89,99,8.46,Brazil,2022-08-23 06:52:58-07:00
519,Mossamedes,-15.1961,12.1522,63.84,83,63.82,2,5.28,Angola,2022-08-23 06:52:59-07:00
520,Balkhash,46.844,74.9804,77.61,20,76.01,0,11.18,Kazakhstan,2022-08-23 06:52:59-07:00
521,Berbera,10.4396,45.0143,96.51,29,96.22,17,27.4,Somalia,2022-08-23 06:52:59-07:00
522,Havelock,34.8791,-76.9013,75.15,92,73.67,20,5.75,United States,2022-08-23 06:52:48-07:00
523,Lubango,-14.9172,13.4925,64.92,14,61.77,5,6.44,Angola,2022-08-23 06:53:00-07:00
524,Olovyannaya,50.95,115.5667,73.31,28,71.65,68,9.1,Russia,2022-08-23 06:53:01-07:00
525,San Cristobal,7.7669,-72.225,64.33,98,65.07,100,3.31,Venezuela,2022-08-23 06:53:01-07:00
526,Umm Kaddadah,13.6017,26.6876,86.0,48,87.33,98,10.36,Sudan,2022-08-23 06:53:02-07:00
527,Härnösand,62.6323,17.9379,60.01,76,57.0,94,3.78,Sweden,2022-08-23 06:53:02-07:00
528,Kiama,-34.6833,150.8667,50.0,89,43.57,100,5.01,Australia,2022-08-23 06:53:03-07:00
529,Patacamaya,-17.2333,-67.9167,36.91,37,34.09,39,3.67,Bolivia,2022-08-23 06:53:03-07:00
530,Kokkola,63.8385,23.1307,64.92,91,57.24,0,3.44,Finland,2022-08-23 06:53:03-07:00
531,Gunjur,13.2019,-16.7339,78.87,94,78.87,40,0.0,Gambia,2022-08-23 06:53:04-07:00
532,Santa Helena,-2.2311,-45.3,71.06,99,72.52,100,2.19,Brazil,2022-08-23 06:52:45-07:00
533,Samarai,-10.6167,150.6667,81.3,80,87.13,26,11.45,Papua New Guinea,2022-08-23 06:53:05-07:00
534,Serebryansk,49.6925,83.2892,70.57,34,68.94,43,7.09,Kazakhstan,2022-08-23 06:53:05-07:00
535,Khani,41.9563,42.9566,80.17,30,79.29,77,5.61,Georgia,2022-08-23 06:53:06-07:00
536,Livny,52.4253,37.6069,80.92,38,80.4,23,9.71,Russia,2022-08-23 06:53:07-07:00
537,Mangochi,-14.4782,35.2645,69.51,61,69.03,70,10.94,Malawi,2022-08-23 06:53:07-07:00
538,Petawawa,45.9001,-77.3328,66.78,93,67.53,100,2.98,Canada,2022-08-23 06:53:07-07:00
539,Yar-Sale,66.8333,70.8333,72.45,43,71.42,92,12.86,Russia,2022-08-23 06:53:08-07:00
540,Alice Springs,-23.7,133.8833,57.22,26,53.87,7,17.27,Australia,2022-08-23 06:51:54-07:00
541,Fayaoué,-20.65,166.5333,75.42,67,75.81,66,15.79,New Caledonia,2022-08-23 06:53:08-07:00
542,Nueva Guinea,11.6876,-84.4562,71.76,97,73.2,95,2.71,Nicaragua,2022-08-23 06:53:09-07:00
543,Mount Gambier,-37.8333,140.7667,49.53,73,45.88,56,8.79,Australia,2022-08-23 06:53:09-07:00
544,High Level,58.5169,-117.136,64.51,72,64.04,0,5.75,Canada,2022-08-23 06:53:10-07:00
545,Banjar,-8.19,114.9675,82.9,65,86.92,77,4.05,Indonesia,2022-08-23 06:53:10-07:00
546,Bonavista,48.6499,-53.1147,61.18,88,61.12,59,14.92,Canada,2022-08-23 06:53:11-07:00
547,Grenville,12.1167,-61.6167,77.05,78,78.13,87,12.93,Grenada,2022-08-23 06:53:11-07:00
548,Anshun,26.25,105.9333,79.65,69,79.65,100,3.67,China,2022-08-23 06:53:12-07:00
549,Puerto Lleras,3.0223,-73.4044,66.11,92,66.74,94,3.38,Colombia,2022-08-23 06:53:12-07:00
550,Prince Rupert,54.3161,-130.3201,58.69,96,57.45,40,5.75,Canada,2022-08-23 06:53:13-07:00
551,Padang,-0.9492,100.3543,84.25,81,95.09,100,7.83,Indonesia,2022-08-23 06:53:13-07:00
552,Mikuni,36.2171,136.1519,87.71,78,100.31,43,7.74,Japan,2022-08-23 06:53:14-07:00
553,Meulaboh,4.1363,96.1285,83.53,72,90.09,100,7.99,Indonesia,2022-08-23 06:53:14-07:00
554,Tooele,40.5308,-112.2983,73.18,46,66.52,0,8.05,United States,2022-08-23 06:53:15-07:00
555,Noginsk,55.8665,38.4438,76.77,41,76.06,100,6.31,Russia,2022-08-23 06:53:15-07:00
556,Caucayá,-0.1934,-74.7819,69.33,88,70.11,100,1.9,Colombia,2022-08-23 06:53:16-07:00
557,Klyuchi,52.2667,79.1667,62.94,47,61.14,100,10.25,Russia,2022-08-23 06:53:16-07:00
558,Nassau,40.7507,-73.5829,75.02,88,74.3,40,5.75,United States,2022-08-23 06:52:30-07:00
559,Aykhal,66.0,111.5,40.12,96,38.39,100,3.09,Russia,2022-08-23 06:53:17-07:00
560,Faya,18.3851,42.4509,78.91,25,76.15,10,14.5,Saudi Arabia,2022-08-23 06:53:18-07:00
561,Hastings,50.8552,0.5729,67.91,83,65.12,66,11.99,United Kingdom,2022-08-23 06:53:18-07:00
